Round,Player1_Move,Player2_Move,Winner,P1_Total_Score,P2_Total_Score
1,S,P,Player 1,1,0
2,P,P,Draw,1,0
3,R,P,Player 2,1,1
4,R,P,Player 2,1,2
5,S,P,Player 1,2,2
6,S,P,Player 1,3,2
7,S,P,Player 1,4,2
8,S,P,Player 1,5,2
9,S,P,Player 1,6,2
10,S,P,Player 1,7,2
11,S,P,Player 1,8,2
12,S,P,Player 1,9,2
13,S,P,Player 1,10,2
14,S,P,Player 1,11,2
15,S,P,Player 1,12,2
16,S,P,Player 1,13,2
17,S,P,Player 1,14,2
18,S,P,Player 1,15,2
19,S,P,Player 1,16,2
20,S,P,Player 1,17,2
21,S,P,Player 1,18,2
22,S,P,Player 1,19,2
23,S,P,Player 1,20,2
24,S,P,Player 1,21,2
25,S,P,Player 1,22,2
26,S,P,Player 1,23,2
27,S,P,Player 1,24,2
28,S,P,Player 1,25,2
29,S,P,Player 1,26,2
30,S,P,Player 1,27,2
31,S,P,Player 1,28,2
32,S,P,Player 1,29,2
33,S,P,Player 1,30,2
34,S,P,Player 1,31,2
35,S,P,Player 1,32,2
36,S,P,Player 1,33,2
37,S,P,Player 1,34,2
38,S,P,Player 1,35,2
39,S,P,Player 1,36,2
40,S,P,Player 1,37,2
41,S,P,Player 1,38,2
42,S,P,Player 1,39,2
43,S,P,Player 1,40,2
44,S,P,Player 1,41,2
45,S,P,Player 1,42,2
46,S,P,Player 1,43,2
47,S,P,Player 1,44,2
48,S,P,Player 1,45,2
49,S,P,Player 1,46,2
50,S,P,Player 1,47,2
51,S,P,Player 1,48,2
52,S,P,Player 1,49,2
53,S,P,Player 1,50,2
54,S,P,Player 1,51,2
55,S,P,Player 1,52,2
56,S,P,Player 1,53,2
57,S,P,Player 1,54,2
58,S,P,Player 1,55,2
59,S,P,Player 1,56,2
60,S,P,Player 1,57,2
61,S,P,Player 1,58,2
62,S,P,Player 1,59,2
63,S,P,Player 1,60,2
64,S,P,Player 1,61,2
65,S,P,Player 1,62,2
66,S,P,Player 1,63,2
67,S,P,Player 1,64,2
68,S,P,Player 1,65,2
69,S,P,Player 1,66,2
70,S,P,Player 1,67,2
71,S,P,Player 1,68,2
72,S,P,Player 1,69,2
73,S,P,Player 1,70,2
74,S,P,Player 1,71,2
75,S,P,Player 1,72,2
76,S,P,Player 1,73,2
77,S,P,Player 1,74,2
78,S,P,Player 1,75,2
79,S,P,Player 1,76,2
80,S,P,Player 1,77,2
81,S,P,Player 1,78,2
82,S,P,Player 1,79,2
83,S,P,Player 1,80,2
84,S,P,Player 1,81,2
85,S,P,Player 1,82,2
86,S,P,Player 1,83,2
87,S,P,Player 1,84,2
88,S,P,Player 1,85,2
89,S,P,Player 1,86,2
90,S,P,Player 1,87,2
91,S,P,Player 1,88,2
92,S,P,Player 1,89,2
93,S,P,Player 1,90,2
94,S,P,Player 1,91,2
95,S,P,Player 1,92,2
96,S,P,Player 1,93,2
97,S,P,Player 1,94,2
98,S,P,Player 1,95,2
99,S,P,Player 1,96,2
100,S,P,Player 1,97,2
101,S,P,Player 1,98,2
102,S,P,Player 1,99,2
103,S,P,Player 1,100,2
104,S,P,Player 1,101,2
105,S,P,Player 1,102,2
106,S,P,Player 1,103,2
107,S,P,Player 1,104,2
108,S,P,Player 1,105,2
109,S,P,Player 1,106,2
110,S,P,Player 1,107,2
111,S,P,Player 1,108,2
112,S,P,Player 1,109,2
113,S,P,Player 1,110,2
114,S,P,Player 1,111,2
115,S,P,Player 1,112,2
116,S,P,Player 1,113,2
117,S,P,Player 1,114,2
118,S,P,Player 1,115,2
119,S,P,Player 1,116,2
120,S,P,Player 1,117,2
121,S,P,Player 1,118,2
122,S,P,Player 1,119,2
123,S,P,Player 1,120,2
124,S,P,Player 1,121,2
125,S,P,Player 1,122,2
126,S,P,Player 1,123,2
127,S,P,Player 1,124,2
128,S,P,Player 1,125,2
129,S,P,Player 1,126,2
130,S,P,Player 1,127,2
131,S,P,Player 1,128,2
132,S,P,Player 1,129,2
133,S,P,Player 1,130,2
134,S,P,Player 1,131,2
135,S,P,Player 1,132,2
136,S,P,Player 1,133,2
137,S,P,Player 1,134,2
138,S,P,Player 1,135,2
139,S,P,Player 1,136,2
140,S,P,Player 1,137,2
141,S,P,Player 1,138,2
142,S,P,Player 1,139,2
143,S,P,Player 1,140,2
144,S,P,Player 1,141,2
145,S,P,Player 1,142,2
146,S,P,Player 1,143,2
147,S,P,Player 1,144,2
148,S,P,Player 1,145,2
149,S,P,Player 1,146,2
150,S,P,Player 1,147,2
151,S,P,Player 1,148,2
152,S,P,Player 1,149,2
153,S,P,Player 1,150,2
154,S,P,Player 1,151,2
155,S,P,Player 1,152,2
156,S,P,Player 1,153,2
157,S,P,Player 1,154,2
158,S,P,Player 1,155,2
159,S,P,Player 1,156,2
160,S,P,Player 1,157,2
161,S,P,Player 1,158,2
162,S,P,Player 1,159,2
163,S,P,Player 1,160,2
164,S,P,Player 1,161,2
165,S,P,Player 1,162,2
166,S,P,Player 1,163,2
167,S,P,Player 1,164,2
168,S,P,Player 1,165,2
169,S,P,Player 1,166,2
170,S,P,Player 1,167,2
171,S,P,Player 1,168,2
172,S,P,Player 1,169,2
173,S,P,Player 1,170,2
174,S,P,Player 1,171,2
175,S,P,Player 1,172,2
176,S,P,Player 1,173,2
177,S,P,Player 1,174,2
178,S,P,Player 1,175,2
179,S,P,Player 1,176,2
180,S,P,Player 1,177,2
181,S,P,Player 1,178,2
182,S,P,Player 1,179,2
183,S,P,Player 1,180,2
184,S,P,Player 1,181,2
185,S,P,Player 1,182,2
186,S,P,Player 1,183,2
187,S,P,Player 1,184,2
188,S,P,Player 1,185,2
189,S,P,Player 1,186,2
190,S,P,Player 1,187,2
191,S,P,Player 1,188,2
192,S,P,Player 1,189,2
193,S,P,Player 1,190,2
194,S,P,Player 1,191,2
195,S,P,Player 1,192,2
196,S,P,Player 1,193,2
197,S,P,Player 1,194,2
198,S,P,Player 1,195,2
199,S,P,Player 1,196,2
200,S,P,Player 1,197,2
201,S,P,Player 1,198,2
202,S,P,Player 1,199,2
203,S,P,Player 1,200,2
204,S,P,Player 1,201,2
205,S,P,Player 1,202,2
206,S,P,Player 1,203,2
207,S,P,Player 1,204,2
208,S,P,Player 1,205,2
209,S,P,Player 1,206,2
210,S,P,Player 1,207,2
211,S,P,Player 1,208,2
212,S,P,Player 1,209,2
213,S,P,Player 1,210,2
214,S,P,Player 1,211,2
215,S,P,Player 1,212,2
216,S,P,Player 1,213,2
217,S,P,Player 1,214,2
218,S,P,Player 1,215,2
219,S,P,Player 1,216,2
220,S,P,Player 1,217,2
221,S,P,Player 1,218,2
222,S,P,Player 1,219,2
223,S,P,Player 1,220,2
224,S,P,Player 1,221,2
225,S,P,Player 1,222,2
226,S,P,Player 1,223,2
227,S,P,Player 1,224,2
228,S,P,Player 1,225,2
229,S,P,Player 1,226,2
230,S,P,Player 1,227,2
231,S,P,Player 1,228,2
232,S,P,Player 1,229,2
233,S,P,Player 1,230,2
234,S,P,Player 1,231,2
235,S,P,Player 1,232,2
236,S,P,Player 1,233,2
237,S,P,Player 1,234,2
238,S,P,Player 1,235,2
239,S,P,Player 1,236,2
240,S,P,Player 1,237,2
241,S,P,Player 1,238,2
242,S,P,Player 1,239,2
243,S,P,Player 1,240,2
244,S,P,Player 1,241,2
245,S,P,Player 1,242,2
246,S,P,Player 1,243,2
247,S,P,Player 1,244,2
248,S,P,Player 1,245,2
249,S,P,Player 1,246,2
250,S,P,Player 1,247,2
251,S,P,Player 1,248,2
252,S,P,Player 1,249,2
253,S,P,Player 1,250,2
254,S,P,Player 1,251,2
255,S,P,Player 1,252,2
256,S,P,Player 1,253,2
257,S,P,Player 1,254,2
258,S,P,Player 1,255,2
259,S,P,Player 1,256,2
260,S,P,Player 1,257,2
261,S,P,Player 1,258,2
262,S,P,Player 1,259,2
263,S,P,Player 1,260,2
264,S,P,Player 1,261,2
265,S,P,Player 1,262,2
266,S,P,Player 1,263,2
267,S,P,Player 1,264,2
268,S,P,Player 1,265,2
269,S,P,Player 1,266,2
270,S,P,Player 1,267,2
271,S,P,Player 1,268,2
272,S,P,Player 1,269,2
273,S,P,Player 1,270,2
274,S,P,Player 1,271,2
275,S,P,Player 1,272,2
276,S,P,Player 1,273,2
277,S,P,Player 1,274,2
278,S,P,Player 1,275,2
279,S,P,Player 1,276,2
280,S,P,Player 1,277,2
281,S,P,Player 1,278,2
282,S,P,Player 1,279,2
283,S,P,Player 1,280,2
284,S,P,Player 1,281,2
285,S,P,Player 1,282,2
286,S,P,Player 1,283,2
287,S,P,Player 1,284,2
288,S,P,Player 1,285,2
289,S,P,Player 1,286,2
290,S,P,Player 1,287,2
291,S,P,Player 1,288,2
292,S,P,Player 1,289,2
293,S,P,Player 1,290,2
294,S,P,Player 1,291,2
295,S,P,Player 1,292,2
296,S,P,Player 1,293,2
297,S,P,Player 1,294,2
298,S,P,Player 1,295,2
299,S,P,Player 1,296,2
300,S,P,Player 1,297,2
301,S,P,Player 1,298,2
302,S,P,Player 1,299,2
303,S,P,Player 1,300,2
304,S,P,Player 1,301,2
305,S,P,Player 1,302,2
306,S,P,Player 1,303,2
307,S,P,Player 1,304,2
308,S,P,Player 1,305,2
309,S,P,Player 1,306,2
310,S,P,Player 1,307,2
311,S,P,Player 1,308,2
312,S,P,Player 1,309,2
313,S,P,Player 1,310,2
314,S,P,Player 1,311,2
315,S,P,Player 1,312,2
316,S,P,Player 1,313,2
317,S,P,Player 1,314,2
318,S,P,Player 1,315,2
319,S,P,Player 1,316,2
320,S,P,Player 1,317,2
321,S,P,Player 1,318,2
322,S,P,Player 1,319,2
323,S,P,Player 1,320,2
324,S,P,Player 1,321,2
325,S,P,Player 1,322,2
326,S,P,Player 1,323,2
327,S,P,Player 1,324,2
328,S,P,Player 1,325,2
329,S,P,Player 1,326,2
330,S,P,Player 1,327,2
331,S,P,Player 1,328,2
332,S,P,Player 1,329,2
333,S,P,Player 1,330,2
334,S,P,Player 1,331,2
335,S,P,Player 1,332,2
336,S,P,Player 1,333,2
337,S,P,Player 1,334,2
338,S,P,Player 1,335,2
339,S,P,Player 1,336,2
340,S,P,Player 1,337,2
341,S,P,Player 1,338,2
342,S,P,Player 1,339,2
343,S,P,Player 1,340,2
344,S,P,Player 1,341,2
345,S,P,Player 1,342,2
346,S,P,Player 1,343,2
347,S,P,Player 1,344,2
348,S,P,Player 1,345,2
349,S,P,Player 1,346,2
350,S,P,Player 1,347,2
351,S,P,Player 1,348,2
352,S,P,Player 1,349,2
353,S,P,Player 1,350,2
354,S,P,Player 1,351,2
355,S,P,Player 1,352,2
356,S,P,Player 1,353,2
357,S,P,Player 1,354,2
358,S,P,Player 1,355,2
359,S,P,Player 1,356,2
360,S,P,Player 1,357,2
361,S,P,Player 1,358,2
362,S,P,Player 1,359,2
363,S,P,Player 1,360,2
364,S,P,Player 1,361,2
365,S,P,Player 1,362,2
366,S,P,Player 1,363,2
367,S,P,Player 1,364,2
368,S,P,Player 1,365,2
369,S,P,Player 1,366,2
370,S,P,Player 1,367,2
371,S,P,Player 1,368,2
372,S,P,Player 1,369,2
373,S,P,Player 1,370,2
374,S,P,Player 1,371,2
375,S,P,Player 1,372,2
376,S,P,Player 1,373,2
377,S,P,Player 1,374,2
378,S,P,Player 1,375,2
379,S,P,Player 1,376,2
380,S,P,Player 1,377,2
381,S,P,Player 1,378,2
382,S,P,Player 1,379,2
383,S,P,Player 1,380,2
384,S,P,Player 1,381,2
385,S,P,Player 1,382,2
386,S,P,Player 1,383,2
387,S,P,Player 1,384,2
388,S,P,Player 1,385,2
389,S,P,Player 1,386,2
390,S,P,Player 1,387,2
391,S,P,Player 1,388,2
392,S,P,Player 1,389,2
393,S,P,Player 1,390,2
394,S,P,Player 1,391,2
395,S,P,Player 1,392,2
396,S,P,Player 1,393,2
397,S,P,Player 1,394,2
398,S,P,Player 1,395,2
399,S,P,Player 1,396,2
400,S,P,Player 1,397,2
401,S,P,Player 1,398,2
402,S,P,Player 1,399,2
403,S,P,Player 1,400,2
404,S,P,Player 1,401,2
405,S,P,Player 1,402,2
406,S,P,Player 1,403,2
407,S,P,Player 1,404,2
408,S,P,Player 1,405,2
409,S,P,Player 1,406,2
410,S,P,Player 1,407,2
411,S,P,Player 1,408,2
412,S,P,Player 1,409,2
413,S,P,Player 1,410,2
414,S,P,Player 1,411,2
415,S,P,Player 1,412,2
416,S,P,Player 1,413,2
417,S,P,Player 1,414,2
418,S,P,Player 1,415,2
419,S,P,Player 1,416,2
420,S,P,Player 1,417,2
421,S,P,Player 1,418,2
422,S,P,Player 1,419,2
423,S,P,Player 1,420,2
424,S,P,Player 1,421,2
425,S,P,Player 1,422,2
426,S,P,Player 1,423,2
427,S,P,Player 1,424,2
428,S,P,Player 1,425,2
429,S,P,Player 1,426,2
430,S,P,Player 1,427,2
431,S,P,Player 1,428,2
432,S,P,Player 1,429,2
433,S,P,Player 1,430,2
434,S,P,Player 1,431,2
435,S,P,Player 1,432,2
436,S,P,Player 1,433,2
437,S,P,Player 1,434,2
438,S,P,Player 1,435,2
439,S,P,Player 1,436,2
440,S,P,Player 1,437,2
441,S,P,Player 1,438,2
442,S,P,Player 1,439,2
443,S,P,Player 1,440,2
444,S,P,Player 1,441,2
445,S,P,Player 1,442,2
446,S,P,Player 1,443,2
447,S,P,Player 1,444,2
448,S,P,Player 1,445,2
449,S,P,Player 1,446,2
450,S,P,Player 1,447,2
451,S,P,Player 1,448,2
452,S,P,Player 1,449,2
453,S,P,Player 1,450,2
454,S,P,Player 1,451,2
455,S,P,Player 1,452,2
456,S,P,Player 1,453,2
457,S,P,Player 1,454,2
458,S,P,Player 1,455,2
459,S,P,Player 1,456,2
460,S,P,Player 1,457,2
461,S,P,Player 1,458,2
462,S,P,Player 1,459,2
463,S,P,Player 1,460,2
464,S,P,Player 1,461,2
465,S,P,Player 1,462,2
466,S,P,Player 1,463,2
467,S,P,Player 1,464,2
468,S,P,Player 1,465,2
469,S,P,Player 1,466,2
470,S,P,Player 1,467,2
471,S,P,Player 1,468,2
472,S,P,Player 1,469,2
473,S,P,Player 1,470,2
474,S,P,Player 1,471,2
475,S,P,Player 1,472,2
476,S,P,Player 1,473,2
477,S,P,Player 1,474,2
478,S,P,Player 1,475,2
479,S,P,Player 1,476,2
480,S,P,Player 1,477,2
481,S,P,Player 1,478,2
482,S,P,Player 1,479,2
483,S,P,Player 1,480,2
484,S,P,Player 1,481,2
485,S,P,Player 1,482,2
486,S,P,Player 1,483,2
487,S,P,Player 1,484,2
488,S,P,Player 1,485,2
489,S,P,Player 1,486,2
490,S,P,Player 1,487,2
491,S,P,Player 1,488,2
492,S,P,Player 1,489,2
493,S,P,Player 1,490,2
494,S,P,Player 1,491,2
495,S,P,Player 1,492,2
496,S,P,Player 1,493,2
497,S,P,Player 1,494,2
498,S,P,Player 1,495,2
499,S,P,Player 1,496,2
500,S,P,Player 1,497,2
501,S,P,Player 1,498,2
502,S,P,Player 1,499,2
503,S,P,Player 1,500,2
504,S,P,Player 1,501,2
505,S,P,Player 1,502,2
506,S,P,Player 1,503,2
507,S,P,Player 1,504,2
508,S,P,Player 1,505,2
509,S,P,Player 1,506,2
510,S,P,Player 1,507,2
511,S,P,Player 1,508,2
512,S,P,Player 1,509,2
513,S,P,Player 1,510,2
514,S,P,Player 1,511,2
515,S,P,Player 1,512,2
516,S,P,Player 1,513,2
517,S,P,Player 1,514,2
518,S,P,Player 1,515,2
519,S,P,Player 1,516,2
520,S,P,Player 1,517,2
521,S,P,Player 1,518,2
522,S,P,Player 1,519,2
523,S,P,Player 1,520,2
524,S,P,Player 1,521,2
525,S,P,Player 1,522,2
526,S,P,Player 1,523,2
527,S,P,Player 1,524,2
528,S,P,Player 1,525,2
529,S,P,Player 1,526,2
530,S,P,Player 1,527,2
531,S,P,Player 1,528,2
532,S,P,Player 1,529,2
533,S,P,Player 1,530,2
534,S,P,Player 1,531,2
535,S,P,Player 1,532,2
536,S,P,Player 1,533,2
537,S,P,Player 1,534,2
538,S,P,Player 1,535,2
539,S,P,Player 1,536,2
540,S,P,Player 1,537,2
541,S,P,Player 1,538,2
542,S,P,Player 1,539,2
543,S,P,Player 1,540,2
544,S,P,Player 1,541,2
545,S,P,Player 1,542,2
546,S,P,Player 1,543,2
547,S,P,Player 1,544,2
548,S,P,Player 1,545,2
549,S,P,Player 1,546,2
550,S,P,Player 1,547,2
551,S,P,Player 1,548,2
552,S,P,Player 1,549,2
553,S,P,Player 1,550,2
554,S,P,Player 1,551,2
555,S,P,Player 1,552,2
556,S,P,Player 1,553,2
557,S,P,Player 1,554,2
558,S,P,Player 1,555,2
559,S,P,Player 1,556,2
560,S,P,Player 1,557,2
561,S,P,Player 1,558,2
562,S,P,Player 1,559,2
563,S,P,Player 1,560,2
564,S,P,Player 1,561,2
565,S,P,Player 1,562,2
566,S,P,Player 1,563,2
567,S,P,Player 1,564,2
568,S,P,Player 1,565,2
569,S,P,Player 1,566,2
570,S,P,Player 1,567,2
571,S,P,Player 1,568,2
572,S,P,Player 1,569,2
573,S,P,Player 1,570,2
574,S,P,Player 1,571,2
575,S,P,Player 1,572,2
576,S,P,Player 1,573,2
577,S,P,Player 1,574,2
578,S,P,Player 1,575,2
579,S,P,Player 1,576,2
580,S,P,Player 1,577,2
581,S,P,Player 1,578,2
582,S,P,Player 1,579,2
583,S,P,Player 1,580,2
584,S,P,Player 1,581,2
585,S,P,Player 1,582,2
586,S,P,Player 1,583,2
587,S,P,Player 1,584,2
588,S,P,Player 1,585,2
589,S,P,Player 1,586,2
590,S,P,Player 1,587,2
591,S,P,Player 1,588,2
592,S,P,Player 1,589,2
593,S,P,Player 1,590,2
594,S,P,Player 1,591,2
595,S,P,Player 1,592,2
596,S,P,Player 1,593,2
597,S,P,Player 1,594,2
598,S,P,Player 1,595,2
599,S,P,Player 1,596,2
600,S,P,Player 1,597,2
601,S,P,Player 1,598,2
602,S,P,Player 1,599,2
603,S,P,Player 1,600,2
604,S,P,Player 1,601,2
605,S,P,Player 1,602,2
606,S,P,Player 1,603,2
607,S,P,Player 1,604,2
608,S,P,Player 1,605,2
609,S,P,Player 1,606,2
610,S,P,Player 1,607,2
611,S,P,Player 1,608,2
612,S,P,Player 1,609,2
613,S,P,Player 1,610,2
614,S,P,Player 1,611,2
615,S,P,Player 1,612,2
616,S,P,Player 1,613,2
617,S,P,Player 1,614,2
618,S,P,Player 1,615,2
619,S,P,Player 1,616,2
620,S,P,Player 1,617,2
621,S,P,Player 1,618,2
622,S,P,Player 1,619,2
623,S,P,Player 1,620,2
624,S,P,Player 1,621,2
625,S,P,Player 1,622,2
626,S,P,Player 1,623,2
627,S,P,Player 1,624,2
628,S,P,Player 1,625,2
629,S,P,Player 1,626,2
630,S,P,Player 1,627,2
631,S,P,Player 1,628,2
632,S,P,Player 1,629,2
633,S,P,Player 1,630,2
634,S,P,Player 1,631,2
635,S,P,Player 1,632,2
636,S,P,Player 1,633,2
637,S,P,Player 1,634,2
638,S,P,Player 1,635,2
639,S,P,Player 1,636,2
640,S,P,Player 1,637,2
641,S,P,Player 1,638,2
642,S,P,Player 1,639,2
643,S,P,Player 1,640,2
644,S,P,Player 1,641,2
645,S,P,Player 1,642,2
646,S,P,Player 1,643,2
647,S,P,Player 1,644,2
648,S,P,Player 1,645,2
649,S,P,Player 1,646,2
650,S,P,Player 1,647,2
651,S,P,Player 1,648,2
652,S,P,Player 1,649,2
653,S,P,Player 1,650,2
654,S,P,Player 1,651,2
655,S,P,Player 1,652,2
656,S,P,Player 1,653,2
657,S,P,Player 1,654,2
658,S,P,Player 1,655,2
659,S,P,Player 1,656,2
660,S,P,Player 1,657,2
661,S,P,Player 1,658,2
662,S,P,Player 1,659,2
663,S,P,Player 1,660,2
664,S,P,Player 1,661,2
665,S,P,Player 1,662,2
666,S,P,Player 1,663,2
667,S,P,Player 1,664,2
668,S,P,Player 1,665,2
669,S,P,Player 1,666,2
670,S,P,Player 1,667,2
671,S,P,Player 1,668,2
672,S,P,Player 1,669,2
673,S,P,Player 1,670,2
674,S,P,Player 1,671,2
675,S,P,Player 1,672,2
676,S,P,Player 1,673,2
677,S,P,Player 1,674,2
678,S,P,Player 1,675,2
679,S,P,Player 1,676,2
680,S,P,Player 1,677,2
681,S,P,Player 1,678,2
682,S,P,Player 1,679,2
683,S,P,Player 1,680,2
684,S,P,Player 1,681,2
685,S,P,Player 1,682,2
686,S,P,Player 1,683,2
687,S,P,Player 1,684,2
688,S,P,Player 1,685,2
689,S,P,Player 1,686,2
690,S,P,Player 1,687,2
691,S,P,Player 1,688,2
692,S,P,Player 1,689,2
693,S,P,Player 1,690,2
694,S,P,Player 1,691,2
695,S,P,Player 1,692,2
696,S,P,Player 1,693,2
697,S,P,Player 1,694,2
698,S,P,Player 1,695,2
699,S,P,Player 1,696,2
700,S,P,Player 1,697,2
701,S,P,Player 1,698,2
702,S,P,Player 1,699,2
703,S,P,Player 1,700,2
704,S,P,Player 1,701,2
705,S,P,Player 1,702,2
706,S,P,Player 1,703,2
707,S,P,Player 1,704,2
708,S,P,Player 1,705,2
709,S,P,Player 1,706,2
710,S,P,Player 1,707,2
711,S,P,Player 1,708,2
712,S,P,Player 1,709,2
713,S,P,Player 1,710,2
714,S,P,Player 1,711,2
715,S,P,Player 1,712,2
716,S,P,Player 1,713,2
717,S,P,Player 1,714,2
718,S,P,Player 1,715,2
719,S,P,Player 1,716,2
720,S,P,Player 1,717,2
721,S,P,Player 1,718,2
722,S,P,Player 1,719,2
723,S,P,Player 1,720,2
724,S,P,Player 1,721,2
725,S,P,Player 1,722,2
726,S,P,Player 1,723,2
727,S,P,Player 1,724,2
728,S,P,Player 1,725,2
729,S,P,Player 1,726,2
730,S,P,Player 1,727,2
731,S,P,Player 1,728,2
732,S,P,Player 1,729,2
733,S,P,Player 1,730,2
734,S,P,Player 1,731,2
735,S,P,Player 1,732,2
736,S,P,Player 1,733,2
737,S,P,Player 1,734,2
738,S,P,Player 1,735,2
739,S,P,Player 1,736,2
740,S,P,Player 1,737,2
741,S,P,Player 1,738,2
742,S,P,Player 1,739,2
743,S,P,Player 1,740,2
744,S,P,Player 1,741,2
745,S,P,Player 1,742,2
746,S,P,Player 1,743,2
747,S,P,Player 1,744,2
748,S,P,Player 1,745,2
749,S,P,Player 1,746,2
750,S,P,Player 1,747,2
751,S,P,Player 1,748,2
752,S,P,Player 1,749,2
753,S,P,Player 1,750,2
754,S,P,Player 1,751,2
755,S,P,Player 1,752,2
756,S,P,Player 1,753,2
757,S,P,Player 1,754,2
758,S,P,Player 1,755,2
759,S,P,Player 1,756,2
760,S,P,Player 1,757,2
761,S,P,Player 1,758,2
762,S,P,Player 1,759,2
763,S,P,Player 1,760,2
764,S,P,Player 1,761,2
765,S,P,Player 1,762,2
766,S,P,Player 1,763,2
767,S,P,Player 1,764,2
768,S,P,Player 1,765,2
769,S,P,Player 1,766,2
770,S,P,Player 1,767,2
771,S,P,Player 1,768,2
772,S,P,Player 1,769,2
773,S,P,Player 1,770,2
774,S,P,Player 1,771,2
775,S,P,Player 1,772,2
776,S,P,Player 1,773,2
777,S,P,Player 1,774,2
778,S,P,Player 1,775,2
779,S,P,Player 1,776,2
780,S,P,Player 1,777,2
781,S,P,Player 1,778,2
782,S,P,Player 1,779,2
783,S,P,Player 1,780,2
784,S,P,Player 1,781,2
785,S,P,Player 1,782,2
786,S,P,Player 1,783,2
787,S,P,Player 1,784,2
788,S,P,Player 1,785,2
789,S,P,Player 1,786,2
790,S,P,Player 1,787,2
791,S,P,Player 1,788,2
792,S,P,Player 1,789,2
793,S,P,Player 1,790,2
794,S,P,Player 1,791,2
795,S,P,Player 1,792,2
796,S,P,Player 1,793,2
797,S,P,Player 1,794,2
798,S,P,Player 1,795,2
799,S,P,Player 1,796,2
800,S,P,Player 1,797,2
801,S,P,Player 1,798,2
802,S,P,Player 1,799,2
803,S,P,Player 1,800,2
804,S,P,Player 1,801,2
805,S,P,Player 1,802,2
806,S,P,Player 1,803,2
807,S,P,Player 1,804,2
808,S,P,Player 1,805,2
809,S,P,Player 1,806,2
810,S,P,Player 1,807,2
811,S,P,Player 1,808,2
812,S,P,Player 1,809,2
813,S,P,Player 1,810,2
814,S,P,Player 1,811,2
815,S,P,Player 1,812,2
816,S,P,Player 1,813,2
817,S,P,Player 1,814,2
818,S,P,Player 1,815,2
819,S,P,Player 1,816,2
820,S,P,Player 1,817,2
821,S,P,Player 1,818,2
822,S,P,Player 1,819,2
823,S,P,Player 1,820,2
824,S,P,Player 1,821,2
825,S,P,Player 1,822,2
826,S,P,Player 1,823,2
827,S,P,Player 1,824,2
828,S,P,Player 1,825,2
829,S,P,Player 1,826,2
830,S,P,Player 1,827,2
831,S,P,Player 1,828,2
832,S,P,Player 1,829,2
833,S,P,Player 1,830,2
834,S,P,Player 1,831,2
835,S,P,Player 1,832,2
836,S,P,Player 1,833,2
837,S,P,Player 1,834,2
838,S,P,Player 1,835,2
839,S,P,Player 1,836,2
840,S,P,Player 1,837,2
841,S,P,Player 1,838,2
842,S,P,Player 1,839,2
843,S,P,Player 1,840,2
844,S,P,Player 1,841,2
845,S,P,Player 1,842,2
846,S,P,Player 1,843,2
847,S,P,Player 1,844,2
848,S,P,Player 1,845,2
849,S,P,Player 1,846,2
850,S,P,Player 1,847,2
851,S,P,Player 1,848,2
852,S,P,Player 1,849,2
853,S,P,Player 1,850,2
854,S,P,Player 1,851,2
855,S,P,Player 1,852,2
856,S,P,Player 1,853,2
857,S,P,Player 1,854,2
858,S,P,Player 1,855,2
859,S,P,Player 1,856,2
860,S,P,Player 1,857,2
861,S,P,Player 1,858,2
862,S,P,Player 1,859,2
863,S,P,Player 1,860,2
864,S,P,Player 1,861,2
865,S,P,Player 1,862,2
866,S,P,Player 1,863,2
867,S,P,Player 1,864,2
868,S,P,Player 1,865,2
869,S,P,Player 1,866,2
870,S,P,Player 1,867,2
871,S,P,Player 1,868,2
872,S,P,Player 1,869,2
873,S,P,Player 1,870,2
874,S,P,Player 1,871,2
875,S,P,Player 1,872,2
876,S,P,Player 1,873,2
877,S,P,Player 1,874,2
878,S,P,Player 1,875,2
879,S,P,Player 1,876,2
880,S,P,Player 1,877,2
881,S,P,Player 1,878,2
882,S,P,Player 1,879,2
883,S,P,Player 1,880,2
884,S,P,Player 1,881,2
885,S,P,Player 1,882,2
886,S,P,Player 1,883,2
887,S,P,Player 1,884,2
888,S,P,Player 1,885,2
889,S,P,Player 1,886,2
890,S,P,Player 1,887,2
891,S,P,Player 1,888,2
892,S,P,Player 1,889,2
893,S,P,Player 1,890,2
894,S,P,Player 1,891,2
895,S,P,Player 1,892,2
896,S,P,Player 1,893,2
897,S,P,Player 1,894,2
898,S,P,Player 1,895,2
899,S,P,Player 1,896,2
900,S,P,Player 1,897,2
901,S,P,Player 1,898,2
902,S,P,Player 1,899,2
903,S,P,Player 1,900,2
904,S,P,Player 1,901,2
905,S,P,Player 1,902,2
906,S,P,Player 1,903,2
907,S,P,Player 1,904,2
908,S,P,Player 1,905,2
909,S,P,Player 1,906,2
910,S,P,Player 1,907,2
911,S,P,Player 1,908,2
912,S,P,Player 1,909,2
913,S,P,Player 1,910,2
914,S,P,Player 1,911,2
915,S,P,Player 1,912,2
916,S,P,Player 1,913,2
917,S,P,Player 1,914,2
918,S,P,Player 1,915,2
919,S,P,Player 1,916,2
920,S,P,Player 1,917,2
921,S,P,Player 1,918,2
922,S,P,Player 1,919,2
923,S,P,Player 1,920,2
924,S,P,Player 1,921,2
925,S,P,Player 1,922,2
926,S,P,Player 1,923,2
927,S,P,Player 1,924,2
928,S,P,Player 1,925,2
929,S,P,Player 1,926,2
930,S,P,Player 1,927,2
931,S,P,Player 1,928,2
932,S,P,Player 1,929,2
933,S,P,Player 1,930,2
934,S,P,Player 1,931,2
935,S,P,Player 1,932,2
936,S,P,Player 1,933,2
937,S,P,Player 1,934,2
938,S,P,Player 1,935,2
939,S,P,Player 1,936,2
940,S,P,Player 1,937,2
941,S,P,Player 1,938,2
942,S,P,Player 1,939,2
943,S,P,Player 1,940,2
944,S,P,Player 1,941,2
945,S,P,Player 1,942,2
946,S,P,Player 1,943,2
947,S,P,Player 1,944,2
948,S,P,Player 1,945,2
949,S,P,Player 1,946,2
950,S,P,Player 1,947,2
951,S,P,Player 1,948,2
952,S,P,Player 1,949,2
953,S,P,Player 1,950,2
954,S,P,Player 1,951,2
955,S,P,Player 1,952,2
956,S,P,Player 1,953,2
957,S,P,Player 1,954,2
958,S,P,Player 1,955,2
959,S,P,Player 1,956,2
960,S,P,Player 1,957,2
961,S,P,Player 1,958,2
962,S,P,Player 1,959,2
963,S,P,Player 1,960,2
964,S,P,Player 1,961,2
965,S,P,Player 1,962,2
966,S,P,Player 1,963,2
967,S,P,Player 1,964,2
968,S,P,Player 1,965,2
969,S,P,Player 1,966,2
970,S,P,Player 1,967,2
971,S,P,Player 1,968,2
972,S,P,Player 1,969,2
973,S,P,Player 1,970,2
974,S,P,Player 1,971,2
975,S,P,Player 1,972,2
976,S,P,Player 1,973,2
977,S,P,Player 1,974,2
978,S,P,Player 1,975,2
979,S,P,Player 1,976,2
980,S,P,Player 1,977,2
981,S,P,Player 1,978,2
982,S,P,Player 1,979,2
983,S,P,Player 1,980,2
984,S,P,Player 1,981,2
985,S,P,Player 1,982,2
986,S,P,Player 1,983,2
987,S,P,Player 1,984,2
988,S,P,Player 1,985,2
989,S,P,Player 1,986,2
990,S,P,Player 1,987,2
991,S,P,Player 1,988,2
992,S,P,Player 1,989,2
993,S,P,Player 1,990,2
994,S,P,Player 1,991,2
995,S,P,Player 1,992,2
996,S,P,Player 1,993,2
997,S,P,Player 1,994,2
998,S,P,Player 1,995,2
999,S,P,Player 1,996,2
1000,S,P,Player 1,997,2
